,search_parameters.q
0,block chain
1,block chain
2,block chain
3,block chain
4,block chain
5,block chain
6,block chain
7,block chain
8,block chain
9,block chain
10,natural language processing
11,natural language processing
12,natural language processing
13,natural language processing
14,natural language processing
15,natural language processing
16,natural language processing
17,natural language processing
18,natural language processing
19,natural language processing
20,big data and cloud computing
21,big data and cloud computing
22,big data and cloud computing
23,big data and cloud computing
24,big data and cloud computing
25,big data and cloud computing
26,big data and cloud computing
27,big data and cloud computing
28,big data and cloud computing
29,big data and cloud computing
30,data analyst
31,data analyst
32,data analyst
33,data analyst
34,data analyst
35,data analyst
36,data analyst
37,data analyst
38,data analyst
39,data analyst
40,machine learning
41,machine learning
42,machine learning
43,machine learning
44,machine learning
45,machine learning
46,machine learning
47,machine learning
48,machine learning
49,machine learning
50,machine learning
51,machine learning
52,machine learning
53,machine learning
54,machine learning
55,machine learning
56,machine learning
57,machine learning
58,machine learning
59,data analyst
60,data analyst
61,data analyst
62,data analyst
63,data analyst
64,data analyst
65,data analyst
66,data analyst
67,data analyst
68,data analyst
69,big data and cloud computing
70,big data and cloud computing
71,big data and cloud computing
72,big data and cloud computing
73,big data and cloud computing
74,big data and cloud computing
75,big data and cloud computing
76,big data and cloud computing
77,big data and cloud computing
78,big data and cloud computing
79,natural language processing
80,natural language processing
81,natural language processing
82,natural language processing
83,natural language processing
84,natural language processing
85,natural language processing
86,natural language processing
87,natural language processing
88,natural language processing
89,block chain
90,block chain
91,block chain
92,block chain
93,block chain
94,block chain
95,block chain
96,block chain
97,block chain
98,reinforcement learning
99,reinforcement learning
100,reinforcement learning
101,reinforcement learning
102,reinforcement learning
103,reinforcement learning
104,reinforcement learning
105,reinforcement learning
106,reinforcement learning
107,reinforcement learning
108,neural networks
109,neural networks
110,neural networks
111,neural networks
112,neural networks
113,neural networks
114,neural networks
115,neural networks
116,neural networks
117,neural networks
118,deep learning
119,deep learning
120,deep learning
121,deep learning
122,deep learning
123,deep learning
124,deep learning
125,deep learning
126,deep learning
127,deep learning
128,data scientist
129,data scientist
130,data scientist
131,data scientist
132,data scientist
133,data scientist
134,data scientist
135,data scientist
136,data scientist
137,data scientist
138,data scientist
139,data scientist
140,data scientist
141,data scientist
142,data scientist
143,data scientist
144,data scientist
145,data scientist
146,data scientist
147,deep learning
148,deep learning
149,deep learning
150,deep learning
151,deep learning
152,deep learning
153,deep learning
154,deep learning
155,deep learning
156,deep learning
157,neural networks
158,neural networks
159,neural networks
160,neural networks
161,neural networks
162,neural networks
163,neural networks
164,neural networks
165,neural networks
166,neural networks
167,reinforcement learning
168,reinforcement learning
169,reinforcement learning
170,reinforcement learning
171,reinforcement learning
172,reinforcement learning
173,reinforcement learning
174,reinforcement learning
175,reinforcement learning
176,neural networks
177,neural networks
178,neural networks
179,neural networks
180,neural networks
181,neural networks
182,neural networks
183,neural networks
184,neural networks
185,neural networks
186,reinforcement learning
187,reinforcement learning
188,reinforcement learning
189,reinforcement learning
190,reinforcement learning
191,reinforcement learning
192,reinforcement learning
193,reinforcement learning
194,reinforcement learning
195,reinforcement learning
196,time series analysis
197,time series analysis
198,time series analysis
199,time series analysis
200,time series analysis
201,time series analysis
202,data scientist
203,data scientist
204,data scientist
205,data scientist
206,data scientist
207,data scientist
208,data scientist
209,data scientist
210,data scientist
211,data scientist
212,deep learning
213,deep learning
214,deep learning
215,deep learning
216,deep learning
217,deep learning
218,deep learning
219,deep learning
220,deep learning
221,deep learning
222,deep learning
223,deep learning
224,deep learning
225,deep learning
226,deep learning
227,deep learning
228,deep learning
229,data scientist
230,data scientist
231,data scientist
232,data scientist
233,data scientist
234,data scientist
235,reinforcement learning
236,reinforcement learning
237,reinforcement learning
238,reinforcement learning
239,reinforcement learning
240,reinforcement learning
241,reinforcement learning
242,reinforcement learning
243,reinforcement learning
244,reinforcement learning
245,neural networks
246,neural networks
247,neural networks
248,neural networks
249,neural networks
250,neural networks
251,neural networks
252,neural networks
253,natural language processing
254,natural language processing
255,natural language processing
256,natural language processing
257,natural language processing
258,natural language processing
259,natural language processing
260,natural language processing
261,natural language processing
262,block chain
263,block chain
264,block chain
265,block chain
266,block chain
267,block chain
268,block chain
269,block chain
270,block chain
271,block chain
272,machine learning
273,machine learning
274,machine learning
275,machine learning
276,machine learning
277,machine learning
278,machine learning
279,machine learning
280,machine learning
281,data analyst
282,data analyst
283,data analyst
284,data analyst
285,data analyst
286,data analyst
287,data analyst
288,data analyst
289,big data and cloud computing
290,big data and cloud computing
291,big data and cloud computing
292,big data and cloud computing
293,big data and cloud computing
294,big data and cloud computing
295,big data and cloud computing
296,big data and cloud computing
297,big data and cloud computing
298,big data and cloud computing
299,big data and cloud computing
300,big data and cloud computing
301,big data and cloud computing
302,big data and cloud computing
303,big data and cloud computing
304,big data and cloud computing
305,big data and cloud computing
306,big data and cloud computing
307,big data and cloud computing
308,data analyst
309,data analyst
310,data analyst
311,data analyst
312,data analyst
313,data analyst
314,data analyst
315,data analyst
316,data analyst
317,machine learning
318,machine learning
319,machine learning
320,machine learning
321,machine learning
322,machine learning
323,machine learning
324,machine learning
325,machine learning
326,block chain
327,block chain
328,block chain
329,block chain
330,block chain
331,block chain
332,block chain
333,block chain
334,natural language processing
335,natural language processing
336,natural language processing
337,natural language processing
338,natural language processing
339,natural language processing
340,natural language processing
341,natural language processing
342,block chain
343,block chain
344,block chain
345,block chain
346,block chain
347,block chain
348,block chain
349,data scientist
350,data scientist
351,data scientist
352,data scientist
353,data scientist
354,data scientist
355,data scientist
356,data scientist
357,data scientist
358,data scientist
359,natural language processing
360,natural language processing
361,natural language processing
362,reinforcement learning
363,reinforcement learning
364,reinforcement learning
365,reinforcement learning
366,reinforcement learning
367,reinforcement learning
368,reinforcement learning
369,reinforcement learning
370,neural networks
371,neural networks
372,neural networks
373,neural networks
374,neural networks
375,neural networks
376,neural networks
377,neural networks
378,neural networks
379,big data and cloud computing
380,big data and cloud computing
381,big data and cloud computing
382,big data and cloud computing
383,big data and cloud computing
384,data analyst
385,data analyst
386,data analyst
387,data analyst
388,data analyst
389,data analyst
390,data analyst
391,data analyst
392,data analyst
393,data analyst
394,machine learning
395,machine learning
396,machine learning
397,machine learning
398,machine learning
399,machine learning
400,machine learning
401,machine learning
402,machine learning
403,machine learning
404,machine learning
405,machine learning
406,machine learning
407,machine learning
408,machine learning
409,machine learning
410,data analyst
411,data analyst
412,data analyst
413,data analyst
414,data analyst
415,data analyst
416,data analyst
417,data analyst
418,big data and cloud computing
419,big data and cloud computing
420,big data and cloud computing
421,big data and cloud computing
422,natural language processing
423,natural language processing
424,natural language processing
425,natural language processing
426,block chain
427,block chain
428,block chain
429,block chain
430,block chain
431,block chain
432,reinforcement learning
433,reinforcement learning
434,reinforcement learning
435,reinforcement learning
436,reinforcement learning
437,reinforcement learning
438,deep learning
439,deep learning
440,deep learning
441,deep learning
442,deep learning
443,deep learning
444,deep learning
445,deep learning
446,deep learning
447,deep learning
448,data scientist
449,data scientist
450,data scientist
451,data scientist
452,data scientist
453,data scientist
454,data scientist
455,data scientist
456,data scientist
457,data scientist
458,data scientist
459,data scientist
460,data scientist
461,data scientist
462,data scientist
463,data scientist
464,data scientist
465,data scientist
466,data scientist
467,time series analysis
468,time series analysis
469,time series analysis
470,time series analysis
471,time series analysis
472,time series analysis
473,time series analysis
474,deep learning
475,deep learning
476,deep learning
477,big data and cloud computing
478,big data and cloud computing
479,big data and cloud computing
480,big data and cloud computing
481,neural networks
482,neural networks
483,neural networks
484,reinforcement learning
485,reinforcement learning
486,reinforcement learning
487,reinforcement learning
488,reinforcement learning
489,machine learning
490,machine learning
491,machine learning
492,machine learning
493,machine learning
494,machine learning
495,machine learning
496,machine learning
497,machine learning
498,data analyst
499,data analyst
500,data analyst
501,data analyst
502,data analyst
503,data analyst
504,data analyst
505,data analyst
506,data analyst
507,data analyst
508,neural networks
509,reinforcement learning
510,reinforcement learning
511,reinforcement learning
512,reinforcement learning
513,data scientist
514,data scientist
515,data scientist
516,data scientist
517,data scientist
518,data scientist
519,data scientist
520,data scientist
521,data scientist
522,data scientist
523,deep learning
524,deep learning
525,deep learning
526,deep learning
527,deep learning
528,deep learning
529,deep learning
530,deep learning
531,deep learning
532,deep learning
533,deep learning
534,deep learning
535,deep learning
536,deep learning
537,block chain
538,block chain
539,block chain
540,block chain
541,block chain
542,block chain
543,data scientist
544,data scientist
545,data scientist
546,data scientist
547,data scientist
548,data scientist
549,data scientist
550,natural language processing
551,natural language processing
552,natural language processing
553,natural language processing
554,natural language processing
555,natural language processing
556,natural language processing
557,natural language processing
558,reinforcement learning
559,reinforcement learning
560,neural networks
561,neural networks
562,natural language processing
563,natural language processing
564,natural language processing
565,natural language processing
566,natural language processing
567,deep learning
568,deep learning
569,deep learning
570,deep learning
571,deep learning
572,deep learning
573,deep learning
574,deep learning
575,block chain
576,block chain
577,block chain
578,block chain
579,block chain
580,block chain
581,machine learning
582,machine learning
583,machine learning
584,machine learning
585,machine learning
586,machine learning
587,data analyst
588,data analyst
589,data analyst
590,data analyst
591,data analyst
592,data analyst
593,data analyst
594,data analyst
595,big data and cloud computing
596,big data and cloud computing
597,big data and cloud computing
598,big data and cloud computing
599,big data and cloud computing
600,big data and cloud computing
601,big data and cloud computing
602,data analyst
603,data analyst
604,data analyst
605,data analyst
606,data analyst
607,data analyst
608,data analyst
609,data analyst
610,data analyst
611,machine learning
612,machine learning
613,machine learning
614,machine learning
615,machine learning
616,machine learning
617,machine learning
618,machine learning
619,block chain
620,block chain
621,block chain
622,natural language processing
623,natural language processing
624,natural language processing
625,natural language processing
